Question,Option_A,Option_B,Option_C,Option_D,Correct,Explanation
"A 45-year-old man with severe liver cirrhosis presents with massive ascites. A paracentesis is performed, yielding clear, straw-colored fluid. The specific gravity is 1.010, and the protein content is very low. Which fundamental disruption of Starling's forces is the primary driver of this specific fluid accumulation?","Increased capillary hydrostatic pressure","Decreased plasma colloid oncotic pressure","Increased interstitial oncotic pressure","Lymphatic obstruction","Option_B","MEMORABLE PEARL: Transudate vs. Exudate! The liver is the body's protein factory. In cirrhosis, the liver stops producing Albumin. Albumin acts as a biological 'sponge' inside the blood vessels, holding water in via Plasma Colloid Oncotic Pressure. When albumin drops, the sponge vanishes, and water effortlessly leaks out into the peritoneal cavity. Because it's just water leaking (no large proteins or cells), it is a classic Transudate (Specific gravity < 1.012)."
"A 60-year-old woman with chronic right-sided heart failure presents with hepatomegaly. A liver biopsy reveals a classic 'nutmeg liver' appearance, with alternating dark and pale areas. At the microscopic level, the dark red areas correspond to which specific region of the hepatic acinus, and what is happening there?","Zone 1 (Periportal); Fatty change","Zone 3 (Centrilobular); Hemorrhagic necrosis","Zone 2 (Mid-zonal); Massive apoptosis","Zone 1 (Periportal); Ischemic coagulation","Option_B","MEMORABLE PEARL: Nutmeg Liver Zonation! The central vein is the very end of the line for oxygen delivery in the liver (Zone 3). In right heart failure, blood backs up into the central vein, causing massive congestion. This congestion cuts off fresh blood delivery. Therefore, Zone 3 (Centrilobular) suffers severe hypoxia and undergoes dark, hemorrhagic necrosis. The pale areas are Zone 1 (Periportal) cells, which get enough oxygen to survive but undergo fatty change."
"A patient with severe mitral stenosis has suffered from chronic passive congestion of the lungs for a decade. A lung biopsy reveals thickened, fibrotic alveolar septa. This pathological stiffening of the lungs (Brown Induration) is a direct, long-term consequence of what specific cellular event?","Recurrent pulmonary emboli originating from the right atrium","Massive proliferation of Type II pneumocytes","Chronic rupture of distended pulmonary capillaries causing local fibrosis","Accumulation of anthracotic pigment from environmental exposure","Option_C","MEMORABLE PEARL: Brown Induration of the Lung! In left heart failure (like mitral stenosis), blood backs up into the lungs. The delicate pulmonary capillaries become massively engorged (hydrostatic pressure). Over years, these distended capillaries constantly undergo microscopic ruptures. The bleeding triggers macrophages (Heart Failure cells) to eat the blood, and the constant microscopic damage triggers fibroblasts to lay down collagen, severely stiffening the lung."
"A 75-year-old bedridden patient dies suddenly of a massive pulmonary embolism. During the autopsy, the pathologist examines the deep veins of the patient's calves and finds a large thrombus. Which physiological principle, completely abolished by prolonged bed rest, normally prevents platelets from contacting the endothelium and initiating Virchow's Triad?","The continuous secretion of von Willebrand factor","The maintenance of laminar blood flow","The high shear stress of the venous valves","The active transport of fibrinogen into the interstitium","Option_B","MEMORABLE PEARL: Laminar Flow is the ultimate shield! In normal, flowing blood, the heavy red blood cells travel in the dead center of the vessel, while a layer of pure plasma flows along the edges. This physical phenomenon (Laminar Flow) keeps platelets trapped in the center, physically separating them from the vessel wall. Bed rest causes 'Stasis' (Virchow's Triad). Stasis destroys laminar flow, allowing platelets to crash into the endothelium and trigger clotting."
"An autopsy is performed on a patient who died of an unknown cause. A massive clot is found in the main pulmonary artery. The pathologist slices the clot and observes alternating pale and dark layers (Lines of Zahn). The clot is tightly adhered to the vessel wall. What does this definitively prove?","The clot is a post-mortem 'chicken fat' clot","The patient suffered from severe disseminated intravascular coagulation (DIC)","The clot formed while the patient was still alive and blood was flowing","The clot originated from an infected cardiac valve vegetation","Option_C","MEMORABLE PEARL: Lines of Zahn = Pre-mortem Thrombus! When blood stops flowing (after death), it just congeals into a dark 'currant jelly' clot with a yellow 'chicken fat' top layer. It is not attached to the wall. However, if a clot forms while the heart is still beating and blood is rushing past it, the flowing blood meticulously lays down alternating layers of pale platelets/fibrin and dark red blood cells. This proves it happened BEFORE death."
"A 40-year-old pregnant woman in her third trimester develops deep vein thrombosis (DVT) in her left leg. Pregnancy is a classic hypercoagulable state (part of Virchow's Triad). Which specific biochemical alteration in pregnant women is the primary driver of this hypercoagulability?","Massive decrease in platelet count","Hepatic upregulation of coagulation factors (e.g., Fibrinogen, Prothrombin)","Increased synthesis of Antithrombin III","Decreased production of plasminogen activator inhibitor (PAI-1)","Option_B","MEMORABLE PEARL: The Estrogen Factory! Pregnancy is a highly estrogenic state. Estrogen goes straight to the liver and commands it to ramp up the production of pro-coagulant proteins (like Fibrinogen and Factors II, VII, VIII, X) while simultaneously decreasing natural anticoagulants like Protein S. The body does this to prepare for the massive bleeding expected during childbirth, but it drastically increases the risk of DVTs!"
"A patient with a known abdominal aortic aneurysm comes in for an ultrasound. The imaging reveals a large mural thrombus lining the walls of the dilated aneurysm. Which component of Virchow's Triad is the primary instigator of thrombosis in an arterial aneurysm?","Hypercoagulability","Endothelial damage","Abnormal blood flow (Turbulence and Stasis)","Decreased systemic blood pressure","Option_C","MEMORABLE PEARL: Aneurysms cause Turbulence! Normally, arteries flow smoothly. But when an artery balloons out into an aneurysm, the blood hits the wide area and swirls violently, creating 'eddy currents'. This abnormal turbulence causes local pockets of absolute stasis (blood sitting still) against the aneurysm wall, triggering platelets to aggregate and form a mural thrombus."
"A 50-year-old man survives a deep vein thrombosis in his femoral vein without treatment. Six months later, a Doppler ultrasound of the same vein reveals that blood is flowing through the area again, but the flow is split into multiple tiny, parallel channels inside the old clot. What is the pathological term for this fate of a thrombus?","Propagation","Embolization","Recanalization","Dissolution","Option_C","MEMORABLE PEARL: Recanalization! A thrombus has four fates: 1) Dissolution (fibrinolysis eats it), 2) Propagation (it grows), 3) Embolization (it breaks off), or 4) Organization and Recanalization. In recanalization, the body accepts the clot as a permanent structure. Endothelial cells and fibroblasts literally drill multiple microscopic holes through the solid thrombus, creating tiny new capillary channels to restore a fraction of the blood flow."
"An 18-year-old boy suffers a fractured femur in a car accident. He is stabilized, but 48 hours later, he becomes confused, tachypneic, and develops a petechial rash on his chest. While the mechanical blockage of fat globules in the pulmonary capillaries contributes to his ARDS, what is the 'Biochemical Theory' behind Fat Embolism Syndrome?","Fat globules trigger a massive, lethal anaphylactic IgE response","Platelets bind to the fat and release massive amounts of serotonin","Local lipases degrade the fat globules into highly toxic Free Fatty Acids (FFAs)","The fat globules directly dissolve the alveolar basement membrane","Option_C","MEMORABLE PEARL: The Biochemical Fat Attack! Fat Embolism Syndrome isn't just about fat plugging a tube. When the bone marrow fat enters the lung capillaries, local macrophage lipases immediately attack it. They break the triglycerides down into Free Fatty Acids (FFAs). These FFAs are incredibly toxic to the delicate pneumocytes and endothelial cells, destroying them and causing the massive pulmonary edema of ARDS."
"A deep sea diver ascends to the surface far too rapidly, ignoring decompression stops. He develops excruciating joint pain ('the bends') and severe respiratory distress ('the chokes'). Gas bubbles act as physical emboli blocking his microvasculature. Which specific gas is responsible for Caisson disease (Decompression Sickness)?","Oxygen","Carbon Dioxide","Nitrogen","Helium","Option_C","MEMORABLE PEARL: Nitrogen Bubbles! At sea level, Nitrogen is an inert gas dissolved harmlessly in our blood. As a diver goes deep, high pressure forces MORE nitrogen to dissolve into the tissues. If they rocket to the surface, the rapid drop in pressure causes the dissolved nitrogen to instantly boil out of the blood and tissues, forming massive bubbles (emboli) that block vessels in the joints, lungs, and brain."
"A 65-year-old patient with atrial fibrillation suffers a massive ischemic stroke. An echocardiogram reveals a large mural thrombus in his left atrial appendage. Systemic (arterial) emboli almost always originate from the left heart. Which organ is the absolute most common destination for these systemic arterial emboli?","The Kidneys","The Brain","The Lower Extremities","The Mesenteric Arteries","Option_C","MEMORABLE PEARL: The Gravity of Arterial Emboli! While strokes (Brain) are the most devastating and heavily tested consequence, 75% to 80% of all systemic emboli follow the path of least resistance and gravity straight down the descending aorta, lodging in the arteries of the LOWER EXTREMITIES. The brain only catches about 10% of them. Kidneys and bowel catch the rest."
"A patient presents with sudden right lower quadrant abdominal pain. Surgery reveals a twisted segment of the small bowel (volvulus). The resected bowel is dark red and massively engorged with blood, representing a red (hemorrhagic) infarct. Why does an organ that has been twisted on its vascular pedicle undergo a RED infarct instead of a white one?","The twisting selectively occludes the thin-walled vein, while the thick-walled artery continues pumping blood in","The twisting ruptures the arterial wall, causing massive internal hemorrhage","The bowel lacks a dual blood supply","The bowel tissue is too dense to allow red blood cells to escape the vessels","Option_A","MEMORABLE PEARL: The Physics of Torsion! Veins are floppy and have low pressure. Arteries are rigid and have high pressure. When an organ (Bowel, Testicle, Ovary) twists on its stalk, the floppy vein pinches shut immediately, but the strong artery stays open! Blood continues to pump INTO the organ, but it cannot get OUT. The organ fills with blood until the pressure crushes the capillaries, causing a massive, bloody (Red) infarction."
"An elderly woman dies of a massive myocardial infarction. During the autopsy, the pathologist notes a wedge-shaped, pale, firm area in the left ventricle. This is a classic white (anemic) infarct. Which specific anatomical feature of the heart forces it to undergo a WHITE infarct, unlike the lungs which undergo a RED infarct?","The heart is a loose, spongy tissue","The heart has a rich, redundant collateral circulation","The heart is a solid organ with a single end-arterial blood supply","The heart lacks a significant macrophage population to cause hemorrhage","Option_C","MEMORABLE PEARL: White Infarct = Solid Organ + End Artery! The Heart, Kidney, and Spleen have solid, dense tissues supplied by single 'end-arteries' with very poor collateral flow. If you block that single artery, no blood can reach the tissue at all. The tissue dies pale, bloodless, and white. The Lung has a dual blood supply (Pulmonary and Bronchial arteries) and a loose structure, so if you block one, the other bleeds into the dead space, creating a Red infarct."
"A 40-year-old man sustains a severe knife wound to the liver, losing 2 liters of blood. He arrives at the ER conscious and alert. His blood pressure is remarkably normal (110/70), but his heart rate is 125 bpm, and his skin is cold and clammy. He is in the 'Compensated' stage of hypovolemic shock. What is maintaining his blood pressure?","Massive release of local vasodilators like Nitric Oxide","A massive shift of intracellular fluid into the vascular compartment","Baroreceptor reflex triggering intense sympathetic systemic vasoconstriction","Upregulation of the parasympathetic nervous system","Option_C","MEMORABLE PEARL: The Compensated Stage! The body is fighting for its life. The drop in blood volume is sensed by the carotid baroreceptors. The brain panics and fires massive sympathetic signals (Catecholamines: Epinephrine/Norepinephrine). This causes the heart to race (Tachycardia) and aggressively constricts the peripheral blood vessels (Cold, clammy skin) to force all remaining blood to the vital organs. The BP stays normal, but the perfusion to the skin and gut is terrible!"
"The patient from the previous question continues to bleed internally. Despite the intense sympathetic vasoconstriction, his blood pressure suddenly plummets to 60/40, and he loses consciousness. He has entered the 'Progressive' stage of shock. What fundamental metabolic shift at the cellular level causes the systemic vasoconstriction to fail?","Depletion of intracellular calcium in the smooth muscle","A shift to anaerobic glycolysis leading to severe lactic acidosis and local vasodilation","Exhaustion of the adrenal medulla's epinephrine stores","A sudden failure of the sinoatrial node","Option_B","MEMORABLE PEARL: The Tipping Point of Shock! The sympathetic nervous system clamps the vessels shut to maintain BP. But this means the tissues are starving for oxygen (Hypoxia). The tissues switch to anaerobic glycolysis, producing massive amounts of Lactic Acid. As tissue pH plummets, the extreme local acidosis directly paralyzes the smooth muscle in the arterioles. They dilate wide open, overriding the sympathetic system. The blood pools in the periphery, and the BP crashes."
"A 70-year-old woman with a severe UTI develops septic shock. She presents with hypotension, bounding pulses, and surprisingly warm, flushed skin. Which specific bacterial component binds to the CD14/TLR-4 complex on macrophages, initiating the massive cytokine storm (TNF, IL-1) that causes this profound systemic vasodilation?","Peptidoglycan from a Gram-positive cell wall","Lipopolysaccharide (LPS/Endotoxin) from a Gram-negative cell wall","Exfoliative exotoxin from Staphylococcus aureus","A polysaccharide capsule","Option_B","MEMORABLE PEARL: Gram-Negative Sepsis = LPS! The outer membrane of Gram-negative bacteria (like E. coli) is studded with Lipopolysaccharide (Endotoxin). LPS is the ultimate trigger for the immune system. It binds to CD14 on macrophages, which links up with Toll-Like Receptor 4 (TLR-4). This activates NF-kB, unleashing a tsunami of TNF and IL-1. These cytokines force endothelial cells to produce Nitric Oxide, resulting in massive, uncompensated vasodilation (Warm Shock)."
"In addition to causing profound vasodilation, the massive release of Tumor Necrosis Factor (TNF) in septic shock catastrophically alters the normal anti-thrombotic state of the endothelial lining. Which two opposing actions by the damaged endothelium directly trigger Disseminated Intravascular Coagulation (DIC)?","Increased production of Tissue Factor and decreased expression of Thrombomodulin","Decreased production of von Willebrand factor and increased Plasmin","Increased synthesis of Heparin-like molecules and decreased Fibrinogen","Upregulation of Prostacyclin and Nitric Oxide","Option_A","MEMORABLE PEARL: The Endothelial Betrayal! In health, the endothelium is slick and anti-coagulant (expressing Thrombomodulin to activate Protein C). In Sepsis, TNF forces the endothelium to turn evil. It hides its Thrombomodulin (shutting off the body's natural blood thinner) and simultaneously expresses massive amounts of Tissue Factor (the most potent trigger of the clotting cascade). The result is micro-clots forming everywhere (DIC), chewing up all the platelets."
"A young man suffers a severe spinal cord transection at the C4 level during a diving accident. He presents with profound hypotension, but unlike a trauma patient bleeding to death, his skin is warm and dry, and his heart rate is remarkably slow (Bradycardia). What is the physiological mechanism of this Neurogenic Shock?","Massive release of histamine from damaged spinal meninges","Loss of sympathetic vascular tone leaving parasympathetic (vagal) tone unopposed","Direct traumatic injury to the medullary cardiovascular center","Failure of the adrenal glands due to spinal shock","Option_B","MEMORABLE PEARL: Neurogenic Shock is the weird one! Every other shock (Hypovolemic, Cardiogenic) has Tachycardia and cold skin because the sympathetic system is fighting hard. In Neurogenic shock, the spinal cord is cut. The brain's sympathetic signals (which speed the heart and constrict vessels) cannot reach the body. The blood vessels instantly dilate (warm skin), and the Vagus nerve (parasympathetic), which doesn't travel in the spinal cord, is left completely unopposed, slamming the brakes on the heart (Bradycardia)."
"A patient with a history of deep vein thrombosis presents with sudden, extreme dyspnea and chest pain. An echocardiogram shows massive dilation of the right ventricle, and the systemic blood pressure is critically low. This 'Obstructive Shock' from a massive saddle pulmonary embolus is fatal primarily because it causes an immediate catastrophic drop in:","Pulmonary vascular resistance","Left ventricular preload","Right atrial pressure","Systemic venous return","Option_B","MEMORABLE PEARL: The Plumbing of Obstructive Shock! A massive saddle embolus blocks the main pulmonary trunk. The right ventricle pumps against a brick wall. Because no blood can get THROUGH the lungs, no blood reaches the Left Atrium. If the Left Ventricle has no blood to fill it (Zero Preload), it has nothing to pump out into the aorta. Cardiac output instantly drops to zero, resulting in sudden cardiovascular collapse."
"A patient survives an episode of profound, prolonged hypovolemic shock. Weeks later, his kidney function has not recovered. A biopsy is taken. Which specific microscopic segment of the nephron, due to its exceptionally high metabolic demand and relatively low oxygen delivery, is most vulnerable to ischemic necrosis during shock?","The Glomerular capillaries","The thin descending limb of the loop of Henle","The straight segment of the Proximal Tubule (S3) and Thick Ascending Limb","The collecting ducts in the renal papilla","Option_C","MEMORABLE PEARL: Acute Tubular Necrosis (ATN)! Shock destroys the kidneys. The cells that die first are the ones working the hardest. The Proximal Tubule (especially the S3 segment) and the Thick Ascending Limb are absolutely packed with Na+/K+ ATPase pumps working in overdrive. They require massive amounts of oxygen. When blood pressure crashes in shock, these highly demanding segments instantly suffocate, die, and slough off into the tubule, forming classic 'muddy brown casts'."
"In a patient with severe, untreated left heart failure, fluid begins to accumulate in the alveolar spaces, causing pulmonary edema. If this patient is given a potent loop diuretic (like Furosemide) to remove fluid, which specific Starling force is being manipulated to pull the fluid back out of the alveoli and into the blood vessels?","Increasing the plasma colloid oncotic pressure","Decreasing the capillary hydrostatic pressure","Decreasing the interstitial oncotic pressure","Increasing the lymphatic drainage rate","Option_B","MEMORABLE PEARL: Physics of Diuretics! Left heart failure causes high pressure backing up into the lung capillaries (High Hydrostatic Pressure), literally pushing water out into the alveoli. A diuretic makes the patient pee out volume. By decreasing the total volume of blood in the body, you immediately lower the blood pressure in those capillaries (Decreased Hydrostatic Pressure). The push stops, and the fluid is reabsorbed."
"A 30-year-old woman develops a DVT in her leg. Two days later, she presents to the ER with signs of a massive stroke (cerebral infarction). Given that a venous clot should logically lodge in the lungs, this 'Paradoxical Embolism' definitively proves the existence of what specific underlying anatomical defect?","An arteriovenous malformation in the brain","An abnormal connection between the right and left sides of the heart (e.g., Patent Foramen Ovale)","A missing inferior vena cava valve","A severe pulmonary arteriovenous fistula","Option_B","MEMORABLE PEARL: The Paradoxical Embolus! A clot in the leg vein travels to the IVC, then the Right Atrium, then the Right Ventricle, and MUST get trapped in the tiny capillaries of the Lungs (Pulmonary Embolism). It is physically impossible for a venous clot to reach the brain UNLESS there is a hole in the heart (Atrial Septal Defect or Patent Foramen Ovale) allowing the clot to skip the lungs, cross from the right atrium directly to the left atrium, and shoot up the aorta to the brain."
"During a routine autopsy of an elderly patient who died in a motor vehicle accident, the pathologist finds a small, classic 'wedge-shaped' pale infarct in the periphery of the kidney. The apex (the point) of the wedge always points directly toward which specific anatomical structure?","The capsule of the organ","The renal pelvis","The occluded blood vessel supplying that segment","The nearest lymphatic drainage duct","Option_C","MEMORABLE PEARL: Anatomy of an Infarct! Blood vessels branch out like a tree. If you block a branch, every single twig and leaf downstream of that branch dies. Because the vessels fan out as they get closer to the surface of the organ, the resulting dead tissue forms a wedge or triangle shape. The base of the wedge is at the surface (capsule), and the apex (the point) points exactly back to the site of the blocked vessel."
"A 50-year-old man with a history of severe atherosclerosis develops a thrombus in his superior mesenteric artery. The resulting infarction of his small bowel is uniquely dangerous and difficult to treat because it rapidly transforms from a sterile ischemic event into a massive systemic infection. This is known as what type of infarct?","A white infarct","A red infarct","A septic infarct","A bland infarct","Option_C","MEMORABLE PEARL: The Septic Infarct! Normal infarcts (like a heart attack) are sterile ('bland'). The tissue dies, and the immune system cleans it up. But the bowel is literally packed with trillions of bacteria. When the bowel wall dies from ischemia, it loses its barrier function. The bacteria instantly invade the dead tissue, turning the ischemic necrosis into a massive, rotting abscess. This is a Septic Infarct, and it is rapidly fatal without surgery."
"In the classic model of Virchow's Triad, which of the three components is considered the most dominant and absolutely critical, capable of causing massive thrombosis all by itself even if the other two components are completely normal?","Hypercoagulability","Stasis of blood flow","Endothelial injury","Turbulence","Option_C","MEMORABLE PEARL: Endothelial Injury is the King of the Triad! Stasis and hypercoagulability usually require each other to form a clot (e.g., a pregnant woman usually needs bedrest to actually get a DVT). But severe Endothelial Injury (like a ruptured atherosclerotic plaque in a coronary artery, or massive trauma) exposes highly thrombogenic subendothelial collagen and Tissue Factor. This alone is powerful enough to instantly trigger a massive clot, regardless of flow or blood state."
"A 70-year-old patient with severe sepsis is in the ICU. Despite aggressive fluid resuscitation and broad-spectrum antibiotics, the patient's blood pressure continues to fall, and he becomes entirely unresponsive to high-dose vasopressor drugs (like Norepinephrine). He has entered the 'Irreversible' stage of shock. What is the fundamental cellular reason vasopressors no longer work?","The adrenal glands have completely failed","Severe, unchecked lactic acidosis has permanently denatured the adrenergic receptors on the blood vessels","The blood volume has completely leaked into the interstitial space","Massive apoptosis of the cardiac pacemakers","Option_B","MEMORABLE PEARL: The Irreversible Stage! Once shock goes on too long, the tissues are completely deprived of oxygen. Anaerobic glycolysis creates a lethal buildup of lactic acid. When the pH drops too low, proteins literally change shape (denature). The alpha-1 receptors on the blood vessels denature and break. Even if you pump the patient full of synthetic adrenaline, the receptors are broken, the vessels won't constrict, and death is inevitable."
"A 60-year-old man undergoes a major abdominal surgery. On postoperative day 3, he refuses to get out of bed or wear his pneumatic compression boots. This lack of movement leads to stasis in his deep leg veins. How does stasis specifically contribute to the activation of the coagulation cascade, independent of platelets?","It causes the spontaneous rupture of red blood cells","It prevents the washing away and dilution of activated coagulation factors by fresh flowing blood","It directly damages the endothelial basement membrane","It upregulates the synthesis of Fibrinogen in the liver","Option_B","MEMORABLE PEARL: The Washing Machine Effect! Normally, the liver accidentally activates a tiny amount of clotting factors every day. In healthy, flowing blood, these activated factors are instantly washed away, diluted, and destroyed by the liver. In Stasis (bedrest), the blood sits still. Those accidentally activated clotting factors are not washed away. They accumulate in one spot, reaching a critical threshold to trigger the clotting cascade."
"An 80-year-old woman with a history of multiple mini-strokes (TIAs) finally succumbs to a massive cerebral infarction. During the autopsy, the pathologist notes that the area of the brain where the stroke occurred months ago is now completely hollowed out, leaving a fluid-filled cystic cavity. Why does the brain form a cyst after an infarct, rather than a solid fibrous scar like the heart?","The brain is rich in matrix metalloproteinases that destroy scars","The brain lacks fibroblasts and is rich in hydrolytic enzymes from microglial cells","The high lipid content of the brain prevents collagen cross-linking","The blood-brain barrier prevents the entry of transforming growth factor beta","Option_B","MEMORABLE PEARL: Liquefactive Necrosis of the Brain! If the heart dies, fibroblasts rush in and lay down a tough, solid collagen scar. The brain, however, has virtually no fibroblasts or structural collagen framework. It is essentially a soft bag of lipids and glial cells. When brain tissue dies, the resident microglial cells (macrophages) release massive amounts of hydrolytic enzymes that literally liquefy the dead tissue. The liquid is eventually absorbed, leaving a permanent empty cyst."
"A patient is diagnosed with primary pulmonary hypertension. Over years, the high pressure in the pulmonary circuit causes the right ventricle to undergo massive, concentric hypertrophy to push blood against the resistance. Eventually, the right ventricle fails (Cor Pulmonale). This failure leads to profound systemic venous congestion. Which clinical sign is the most direct, immediate physical manifestation of this backup of pressure into the systemic venous system?","Bilateral pulmonary crackles","Distended, bulging jugular veins in the neck (JVD)","A harsh systolic murmur at the apex","Splinter hemorrhages in the nail beds","Option_B","MEMORABLE PEARL: The Plumbing Backwards! Follow the pipes. Right Ventricle -> Right Atrium -> Superior and Inferior Vena Cava. If the Right Ventricle fails, pressure shoots backward into the Right Atrium and straight up into the Superior Vena Cava. The jugular veins in the neck dump directly into the SVC. Therefore, right heart failure causes massive, visible Jugular Venous Distension (JVD). Pulmonary crackles (Option A) are a sign of LEFT heart failure backing up into the lungs."
"A 30-year-old woman with Systemic Lupus Erythematosus (SLE) develops a unique form of endocarditis characterized by small, sterile vegetations (thrombi) on BOTH sides of her mitral valve leaflets. These are known as Libman-Sacks endocarditis. The formation of these sterile thrombi on an otherwise structurally intact valve is a classic example of which component of Virchow's Triad?","Stasis due to regurgitant blood flow","Hypercoagulability driven by circulating antiphospholipid autoantibodies","Turbulence from a congenital septal defect","Direct bacterial injury to the valvular endothelium","Option_B","MEMORABLE PEARL: Libman-Sacks = Hypercoagulability! SLE patients are notorious for developing Antiphospholipid Antibodies (like Lupus Anticoagulant). Despite the name, these autoantibodies make the patient violently HYPERCOAGULABLE in vivo. They cause the blood to spontaneously clot on the heart valves, creating sterile, verrucous vegetations on both sides of the valve. It is an immune-driven clotting disaster, not an infection."
